namespace,key,en,draft,reviewed
common,appError.title,Something went wrong,कुछ गड़बड़ हो गई,no
common,appError.body,"Please try again. If it keeps happening, check your internet connection.","कृपया फिर से कोशिश करें। अगर बार-बार हो, तो अपना इंटरनेट कनेक्शन जाँचें।",no
common,appError.retry,Try again,फिर कोशिश करें,no
common,loading,Loading…,लोड हो रहा है…,no
common,language.label,Language,भाषा,no
common,language.choose,Choose your language,अपनी भाषा चुनें,no
common,newUpdates,"{count, plural, one {# new update} other {# new updates}}","{count, plural, one {# नया अपडेट} other {# नए अपडेट}}",no
common,countdown.hoursMinutes,{hours}h {minutes}m left,{hours} घं {minutes} मि बाकी,no
common,countdown.minutes,{minutes}m left,{minutes} मि बाकी,no
common,home.greeting,Assalamu Alaikum,अस्सलामु अलैकुम,no
common,nav.back,Back,वापस,no
common,nav.close,Close,बंद करें,no
common,tabs.label,Main,मुख्य,no
common,tabs.home,Home,होम,no
common,tabs.myMasjids,My Masjids,मेरी मस्जिदें,no
common,tabs.scan,Scan QR code,QR कोड स्कैन करें,no
common,tabs.updates,Updates,अपडेट,no
common,tabs.settings,Settings,सेटिंग्स,no
common,placeholder.comingSoon,This screen is coming soon.,यह स्क्रीन जल्द आ रही है।,no
common,placeholder.openNext,Open next screen,अगली स्क्रीन खोलें,no
common,placeholder.screenTitle,Screen {number},स्क्रीन {number},no
common,placeholder.scanTitle,Scan,स्कैन,no
errors,NOT_FOUND,We couldn’t find that. It may have been removed.,यह नहीं मिला। हो सकता है इसे हटा दिया गया हो।,no
errors,METHOD_NOT_ALLOWED,That action isn’t available here.,यह काम यहाँ उपलब्ध नहीं है।,no
errors,VALIDATION_FAILED,Some details look wrong. Please check and try again.,कुछ जानकारी गलत लग रही है। कृपया जाँचकर फिर कोशिश करें।,no
errors,UNSAFE_INPUT,Some details look wrong. Please check and try again.,कुछ जानकारी गलत लग रही है। कृपया जाँचकर फिर कोशिश करें।,no
errors,INVALID_JSON,Something went wrong sending your request. Please try again.,आपका अनुरोध भेजने में दिक्कत हुई। कृपया फिर कोशिश करें।,no
errors,PAYLOAD_TOO_LARGE,That is too large to send. Please try something smaller.,यह भेजने के लिए बहुत बड़ा है। कृपया कुछ छोटा भेजें।,no
errors,UNSUPPORTED_MEDIA_TYPE,Something went wrong sending your request. Please try again.,आपका अनुरोध भेजने में दिक्कत हुई। कृपया फिर कोशिश करें।,no
errors,CORS_NOT_ALLOWED,That action isn’t available here.,यह काम यहाँ उपलब्ध नहीं है।,no
errors,INTERNAL_ERROR,Something went wrong on our side. Please try again in a moment.,हमारी तरफ़ से कुछ गड़बड़ हुई। कृपया थोड़ी देर में फिर कोशिश करें।,no
errors,NETWORK,You seem to be offline. Please check your connection and try again.,लगता है आप ऑफ़लाइन हैं। कृपया कनेक्शन जाँचकर फिर कोशिश करें।,no
